campaign_id,date,spend,impressions,clicks,conversions
1,2026-05-28,1348.15,27315,1572,114
1,2026-05-29,5584.64,113152,6512,472
1,2026-05-30,3718.54,75343,4336,314
1,2026-05-31,3741.22,75802,4363,316
1,2026-06-01,1552.24,31451,1810,131
1,2026-06-02,2346.58,47545,2736,198
1,2026-06-03,1098.14,22250,1281,93
1,2026-06-04,1060.11,21479,1236,90
1,2026-06-05,123.83,2509,144,10
1,2026-06-06,4131.75,83715,4818,349
1,2026-06-07,470.74,9538,549,40
1,2026-06-08,2361.21,47841,2753,200
1,2026-06-09,2213.24,44843,2581,187
1,2026-06-10,3185.29,64538,3714,269
1,2026-06-11,2670.36,54105,3114,226
1,2026-06-12,2074.96,42042,2420,175
1,2026-06-13,4241.12,85931,4946,359
1,2026-06-14,8385.85,169909,9779,709
1,2026-06-15,1885.0,38193,2198,159
1,2026-06-16,11058.0,224050,12895,935
1,2026-06-17,3654.07,74036,4261,309
1,2026-06-18,3684.45,74652,4296,311
1,2026-06-19,471.3,9549,550,40
1,2026-06-20,3520.65,71333,4105,298
1,2026-06-21,1277.11,25876,1489,108
1,2026-06-22,996.04,20181,1161,84
1,2026-06-23,5042.82,102175,5880,426
1,2026-06-24,1329.76,26943,1551,112
1,2026-06-25,68.34,1385,80,6
1,2026-06-26,2374.15,48104,2769,201
2,2026-05-16,188.7,6529,221,33
2,2026-05-17,128.2,4436,150,22
2,2026-05-18,2976.28,102983,3483,520
2,2026-05-19,59.48,2058,70,10
2,2026-05-20,738.32,25547,864,129
2,2026-05-21,1429.3,49455,1673,250
2,2026-05-22,2947.85,101999,3450,515
2,2026-05-23,989.07,34223,1157,173
2,2026-05-24,680.88,23559,797,119
2,2026-05-25,1273.48,44064,1490,223
2,2026-05-26,1297.31,44888,1518,227
2,2026-05-27,3415.41,118178,3997,597
2,2026-05-28,4174.1,144429,4885,729
2,2026-05-29,3234.33,111912,3785,565
2,2026-05-30,1703.22,58933,1993,298
2,2026-05-31,878.08,30383,1028,153
2,2026-06-01,1.14,40,1,0
2,2026-06-02,1958.72,67774,2292,342
2,2026-06-03,2407.61,83307,2817,421
2,2026-06-04,999.71,34591,1170,175
2,2026-06-05,279.79,9681,327,49
2,2026-06-06,2137.03,73944,2501,373
2,2026-06-07,1255.84,43454,1470,219
2,2026-06-08,588.4,20359,689,103
2,2026-06-09,362.49,12543,424,63
2,2026-06-10,1588.88,54977,1859,278
2,2026-06-11,245.08,8480,287,43
2,2026-06-12,470.56,16282,551,82
2,2026-06-13,1816.14,62841,2125,317
2,2026-06-14,956.51,33097,1119,167
3,2025-05-29,1919.91,9645,454,16
3,2025-05-30,11742.6,58992,2775,97
3,2025-05-31,928.17,4663,219,8
3,2025-06-01,4447.45,22343,1051,37
3,2025-06-02,3212.56,16139,759,27
3,2025-06-03,2466.48,12391,583,20
3,2025-06-04,1742.85,8756,412,14
3,2025-06-05,3469.62,17431,820,29
3,2025-06-06,1669.77,8389,395,14
3,2025-06-07,1194.91,6003,282,10
3,2025-06-08,7693.4,38650,1818,64
3,2025-06-09,7084.32,35590,1674,59
3,2025-06-10,6353.41,31918,1501,53
3,2025-06-11,873.6,4389,206,7
3,2025-06-12,67.58,339,16,1
3,2025-06-13,11484.79,57697,2714,95
3,2025-06-14,5748.44,28879,1358,48
3,2025-06-15,963.31,4839,228,8
3,2025-06-16,2676.98,13449,633,22
3,2025-06-17,9499.17,47722,2245,79
3,2025-06-18,10759.37,54053,2542,89
3,2025-06-19,6590.15,33108,1557,54
3,2025-06-20,12016.32,60367,2839,99
3,2025-06-21,12318.47,61885,2911,102
3,2025-06-22,7958.49,39982,1881,66
3,2025-06-23,8433.53,42368,1993,70
3,2025-06-24,14799.29,74349,3497,122
3,2025-06-25,3719.9,18688,879,31
3,2025-06-26,10120.82,50845,2391,84
3,2025-06-27,14186.41,71270,3352,117
4,2025-11-29,15489.29,81287,4832,591
4,2025-11-30,1381.58,7250,431,53
4,2025-12-01,11914.4,62526,3717,454
4,2025-12-02,1769.47,9286,552,67
4,2025-12-03,193.72,1017,60,7
4,2025-12-04,13348.43,70052,4164,509
4,2025-12-05,9042.48,47454,2821,345
4,2025-12-06,1895.32,9947,591,72
4,2025-12-07,1200.12,6298,374,46
4,2025-12-08,1443.02,7573,450,55
4,2025-12-09,10336.73,54247,3225,394
4,2025-12-10,6380.62,33485,1991,243
4,2025-12-11,11193.75,58744,3492,427
4,2025-12-12,4566.34,23964,1425,174
4,2025-12-13,4141.33,21733,1292,158
4,2025-12-14,19742.81,103609,6159,753
4,2025-12-15,2553.18,13399,796,97
4,2025-12-16,7665.72,40229,2391,292
4,2025-12-17,431.57,2265,135,16
4,2025-12-18,1037.7,5446,324,40
4,2025-12-19,9696.3,50886,3025,370
4,2025-12-20,753.4,3954,235,29
4,2025-12-21,6968.66,36571,2174,266
4,2025-12-22,1080.81,5672,337,41
4,2025-12-23,2452.5,12871,765,94
4,2025-12-24,6627.4,34780,2068,253
4,2025-12-25,19060.84,100030,5946,727
4,2025-12-26,5555.96,29157,1733,212
4,2025-12-27,6971.37,36585,2175,266
4,2025-12-28,3919.12,20567,1223,149
5,2025-01-24,5542.48,69850,3626,545
5,2025-01-25,1586.52,19994,1038,156
5,2025-01-26,3994.64,50343,2614,393
5,2025-01-27,662.86,8354,434,65
5,2025-01-28,12892.72,162483,8435,1269
5,2025-01-29,2239.21,28220,1465,220
5,2025-01-30,284.65,3587,186,28
5,2025-01-31,2439.55,30745,1596,240
5,2025-02-01,2107.36,26558,1379,207
5,2025-02-02,866.26,10917,567,85
5,2025-02-03,2741.87,34555,1794,270
5,2025-02-04,557.57,7027,365,55
5,2025-02-05,2390.67,30129,1564,235
5,2025-02-06,2912.37,36704,1905,287
5,2025-02-07,168.18,2119,110,17
5,2025-02-08,5396.63,68012,3531,531
5,2025-02-09,1741.01,21941,1139,171
5,2025-02-10,4511.78,56861,2952,444
5,2025-02-11,10495.65,132273,6867,1033
5,2025-02-12,6373.33,80321,4170,627
5,2025-02-13,4339.93,54695,2839,427
5,2025-02-14,136.27,1717,89,13
5,2025-02-15,2637.26,33237,1725,260
5,2025-02-16,2994.02,37733,1959,295
5,2025-02-17,78.95,995,52,8
5,2025-02-18,1987.06,25042,1300,196
5,2025-02-19,189.31,2386,124,19
5,2025-02-20,15161.06,191070,9919,1492
5,2025-02-21,2490.5,31387,1629,245
5,2025-02-22,7435.45,93707,4865,732
6,2025-05-03,1663.12,7266,138,14
6,2025-05-04,439.72,1921,36,4
6,2025-05-05,16035.96,70055,1326,132
6,2025-05-06,7246.41,31657,599,60
6,2025-05-07,1409.86,6159,117,12
6,2025-05-08,8605.98,37596,712,71
6,2025-05-09,8018.89,35032,663,66
6,2025-05-10,524.37,2291,43,4
6,2025-05-11,1221.87,5338,101,10
6,2025-05-12,2830.98,12368,234,23
6,2025-05-13,8308.33,36296,687,68
6,2025-05-14,680.62,2973,56,6
6,2025-05-15,1635.64,7146,135,13
6,2025-05-16,2573.18,11241,213,21
6,2025-05-17,2358.82,10305,195,19
6,2025-05-18,5472.4,23907,453,45
6,2025-05-19,9118.55,39836,754,75
6,2025-05-20,10269.36,44863,849,85
6,2025-05-21,1819.34,7948,150,15
6,2025-05-22,446.8,1952,37,4
6,2025-05-23,1587.32,6934,131,13
6,2025-05-24,637.17,2784,53,5
6,2025-05-25,2214.71,9675,183,18
6,2025-05-26,3676.1,16060,304,30
6,2025-05-27,1752.24,7655,145,14
6,2025-05-28,2624.7,11466,217,22
6,2025-05-29,14957.0,65342,1237,123
6,2025-05-30,2554.43,11159,211,21
6,2025-05-31,3130.04,13674,259,26
6,2025-06-01,1520.23,6641,126,13
7,2026-02-06,2169.2,40140,1104,159
7,2026-02-07,318.31,5890,162,23
7,2026-02-08,804.25,14882,409,59
7,2026-02-09,788.63,14593,401,58
7,2026-02-10,93.43,1729,48,7
7,2026-02-11,3060.56,56634,1558,224
7,2026-02-12,375.77,6953,191,27
7,2026-02-13,932.89,17263,475,68
7,2026-02-14,4275.13,79108,2176,312
7,2026-02-15,1669.1,30886,849,122
7,2026-02-16,191.74,3548,98,14
7,2026-02-17,319.29,5908,162,23
7,2026-02-18,1276.19,23615,649,93
7,2026-02-19,1271.86,23535,647,93
7,2026-02-20,1547.95,28644,788,113
7,2026-02-21,5.65,105,3,0
7,2026-02-22,998.17,18470,508,73
7,2026-02-23,1067.28,19749,543,78
7,2026-02-24,775.6,14352,395,57
7,2026-02-25,2107.5,38998,1073,154
7,2026-02-26,514.16,9514,262,38
7,2026-02-27,1210.41,22398,616,88
7,2026-02-28,1224.04,22650,623,89
7,2026-03-01,304.29,5631,155,22
7,2026-03-02,2490.91,46093,1268,182
7,2026-03-03,159.65,2954,81,12
7,2026-03-04,455.75,8433,232,33
7,2026-03-05,58.98,1091,30,4
7,2026-03-06,1498.7,27732,763,110
7,2026-03-07,804.22,14881,409,59
8,2025-04-16,1536.14,3681,149,18
8,2025-04-17,9916.05,23763,960,114
8,2025-04-18,2033.88,4874,197,23
8,2025-04-19,6737.2,16145,652,77
8,2025-04-20,1620.11,3882,157,19
8,2025-04-21,510.98,1225,49,6
8,2025-04-22,10066.36,24123,974,115
8,2025-04-23,10375.3,24864,1004,119
8,2025-04-24,4176.45,10008,404,48
8,2025-04-25,10.59,25,1,0
8,2025-04-26,6855.93,16430,664,79
8,2025-04-27,3867.35,9268,374,44
8,2025-04-28,504.41,1209,49,6
8,2025-04-29,1117.24,2677,108,13
8,2025-04-30,3350.56,8029,324,38
8,2025-05-01,5366.45,12860,519,61
8,2025-05-02,1135.83,2722,110,13
8,2025-05-03,4639.82,11119,449,53
8,2025-05-04,3460.45,8293,335,40
8,2025-05-05,5316.01,12739,514,61
8,2025-05-06,831.78,1993,80,10
8,2025-05-07,3234.68,7752,313,37
8,2025-05-08,4190.47,10042,406,48
8,2025-05-09,1750.07,4194,169,20
8,2025-05-10,3611.6,8655,350,41
8,2025-05-11,449.19,1076,43,5
8,2025-05-12,383.05,918,37,4
8,2025-05-13,1572.58,3769,152,18
8,2025-05-14,1888.02,4524,183,22
8,2025-05-15,2312.23,5541,224,26
9,2025-06-06,1011.43,6706,174,5
9,2025-06-07,8427.08,55871,1453,39
9,2025-06-08,5141.77,34090,887,24
9,2025-06-09,18839.19,124904,3248,88
9,2025-06-10,9818.68,65098,1693,46
9,2025-06-11,175.08,1161,30,1
9,2025-06-12,7587.14,50303,1308,35
9,2025-06-13,9853.54,65329,1699,46
9,2025-06-14,11121.1,73733,1917,52
9,2025-06-15,8329.24,55223,1436,39
9,2025-06-16,20793.17,137858,3585,97
9,2025-06-17,1963.69,13019,339,9
9,2025-06-18,1690.48,11208,291,8
9,2025-06-19,302.31,2004,52,1
9,2025-06-20,13047.5,86505,2250,61
9,2025-06-21,31909.21,211558,5502,148
9,2025-06-22,9114.16,60427,1571,42
9,2025-06-23,1219.55,8086,210,6
9,2025-06-24,2339.86,15513,403,11
9,2025-06-25,8770.54,58149,1512,41
9,2025-06-26,4242.4,28127,731,20
9,2025-06-27,6772.14,44899,1168,31
9,2025-06-28,325.28,2157,56,2
9,2025-06-29,13384.51,88739,2308,62
9,2025-06-30,17201.92,114048,2966,80
9,2025-07-01,2196.63,14564,379,10
9,2025-07-02,13719.9,90963,2366,64
9,2025-07-03,32886.28,218035,5670,153
9,2025-07-04,4170.75,27652,719,19
9,2025-07-05,774.18,5133,133,4
10,2025-07-31,3211.37,108018,4193,485
10,2025-08-01,82.17,2764,107,12
10,2025-08-02,359.66,12098,470,54
10,2025-08-03,2858.62,96152,3732,431
10,2025-08-04,355.36,11953,464,54
10,2025-08-05,4617.11,155301,6028,697
10,2025-08-06,9468.33,318476,12361,1429
10,2025-08-07,60.4,2031,79,9
10,2025-08-08,554.18,18640,724,84
10,2025-08-09,1143.71,38470,1493,173
10,2025-08-10,3555.67,119598,4642,537
10,2025-08-11,821.86,27644,1073,124
10,2025-08-12,2099.29,70612,2741,317
10,2025-08-13,27.36,920,36,4
10,2025-08-14,5228.22,175856,6826,789
10,2025-08-15,358.02,12042,467,54
10,2025-08-16,7021.17,236164,9166,1060
10,2025-08-17,683.95,23005,893,103
10,2025-08-18,320.3,10774,418,48
10,2025-08-19,12904.86,434067,16848,1948
10,2025-08-20,858.92,28891,1121,130
10,2025-08-21,1340.05,45074,1749,202
10,2025-08-22,3349.07,112649,4372,505
10,2025-08-23,158.92,5345,207,24
10,2025-08-24,2463.33,82856,3216,372
10,2025-08-25,422.98,14227,552,64
10,2025-08-26,2278.45,76638,2975,344
10,2025-08-27,350.53,11791,458,53
10,2025-08-28,180.31,6065,235,27
10,2025-08-29,828.29,27860,1081,125
11,2025-06-20,11824.25,94386,5899,670
11,2025-06-21,2629.63,20991,1312,149
11,2025-06-22,2139.19,17076,1067,121
11,2025-06-23,9860.68,78712,4919,559
11,2025-06-24,447.73,3574,223,25
11,2025-06-25,6431.24,51337,3209,365
11,2025-06-26,5000.41,39915,2495,283
11,2025-06-27,1732.91,13833,865,98
11,2025-06-28,7621.47,60838,3802,432
11,2025-06-29,8092.62,64599,4037,459
11,2025-06-30,2595.99,20722,1295,147
11,2025-07-01,3989.48,31846,1990,226
11,2025-07-02,2435.12,19438,1215,138
11,2025-07-03,5737.05,45795,2862,325
11,2025-07-04,8092.86,64600,4038,459
11,2025-07-05,29.81,238,15,2
11,2025-07-06,22368.63,178555,11160,1268
11,2025-07-07,2913.4,23256,1453,165
11,2025-07-08,301.54,2407,150,17
11,2025-07-09,1216.81,9713,607,69
11,2025-07-10,5811.29,46388,2899,329
11,2025-07-11,2760.79,22038,1377,157
11,2025-07-12,1363.33,10883,680,77
11,2025-07-13,1700.95,13578,849,96
11,2025-07-14,7483.53,59737,3734,424
11,2025-07-15,9998.69,79814,4988,567
11,2025-07-16,3410.04,27220,1701,193
11,2025-07-17,1591.54,12704,794,90
11,2025-07-18,5001.43,39923,2495,284
11,2025-07-19,6472.14,51663,3229,367
12,2026-01-16,4652.06,35695,1286,32
12,2026-01-17,3779.19,28997,1044,26
12,2026-01-18,16830.5,129139,4651,116
12,2026-01-19,3862.75,29639,1067,27
12,2026-01-20,4329.06,33217,1196,30
12,2026-01-21,10178.04,78095,2813,70
12,2026-01-22,1148.39,8811,317,8
12,2026-01-23,1327.2,10183,367,9
12,2026-01-24,15655.05,120120,4326,108
12,2026-01-25,14933.51,114584,4127,103
12,2026-01-26,2734.5,20982,756,19
12,2026-01-27,7565.99,58053,2091,52
12,2026-01-28,10872.63,83425,3005,75
12,2026-01-29,4877.08,37421,1348,34
12,2026-01-30,6319.36,48488,1746,44
12,2026-01-31,17271.3,132521,4773,119
12,2026-02-01,7161.1,54947,1979,49
12,2026-02-02,4631.34,35536,1280,32
12,2026-02-03,323.41,2482,89,2
12,2026-02-04,4641.84,35616,1283,32
12,2026-02-05,713.45,5474,197,5
12,2026-02-06,3995.04,30654,1104,28
12,2026-02-07,12424.36,95331,3434,86
12,2026-02-08,13154.91,100937,3635,91
12,2026-02-09,2816.71,21612,778,19
12,2026-02-10,2953.09,22659,816,20
12,2026-02-11,6614.4,50752,1828,46
12,2026-02-12,12065.79,92580,3334,83
12,2026-02-13,11032.6,84652,3049,76
12,2026-02-14,646.69,4962,179,4
13,2026-04-13,4485.03,45098,1167,94
13,2026-04-14,6365.16,64003,1656,133
13,2026-04-15,2014.96,20261,524,42
13,2026-04-16,739.24,7433,192,15
13,2026-04-17,14478.34,145582,3766,302
13,2026-04-18,10247.09,103036,2665,214
13,2026-04-19,9660.57,97139,2513,202
13,2026-04-20,5502.4,55328,1431,115
13,2026-04-21,26492.88,266391,6891,553
13,2026-04-22,4806.09,48326,1250,100
13,2026-04-23,18909.33,190137,4919,395
13,2026-04-24,3212.08,32298,835,67
13,2026-04-25,9381.04,94328,2440,196
13,2026-04-26,10828.05,108878,2816,226
13,2026-04-27,665.94,6696,173,14
13,2026-04-28,159.12,1600,41,3
13,2026-04-29,9788.05,98421,2546,204
13,2026-04-30,8594.86,86423,2236,179
13,2026-05-01,21037.41,211535,5472,439
13,2026-05-02,2240.62,22530,583,47
13,2026-05-03,4061.92,40843,1057,85
13,2026-05-04,5670.24,57015,1475,118
13,2026-05-05,271.16,2727,71,6
13,2026-05-06,4936.1,49633,1284,103
13,2026-05-07,6452.82,64884,1678,135
13,2026-05-08,7421.85,74628,1931,155
13,2026-05-09,3633.25,36533,945,76
13,2026-05-10,11317.38,113798,2944,236
13,2026-05-11,11977.83,120439,3116,250
13,2026-05-12,19456.23,195636,5061,406
14,2025-10-05,1004.15,45466,899,27
14,2025-10-06,2905.45,131551,2601,79
14,2025-10-07,292.01,13221,261,8
14,2025-10-08,131.8,5967,118,4
14,2025-10-09,1740.77,78818,1558,47
14,2025-10-10,1088.0,49262,974,29
14,2025-10-11,1099.84,49798,984,30
14,2025-10-12,5326.9,241188,4768,144
14,2025-10-13,1889.57,85555,1691,51
14,2025-10-14,145.34,6580,130,4
14,2025-10-15,0.83,38,1,0
14,2025-10-16,276.26,12508,247,7
14,2025-10-17,3595.54,162797,3218,97
14,2025-10-18,46.44,2103,42,1
14,2025-10-19,3130.44,141738,2802,85
14,2025-10-20,3915.08,177265,3504,106
14,2025-10-21,1034.53,46841,926,28
14,2025-10-22,3265.05,147833,2922,88
14,2025-10-23,222.03,10053,199,6
14,2025-10-24,2301.78,104219,2060,62
14,2025-10-25,110.28,4993,99,3
14,2025-10-26,754.55,34164,675,20
14,2025-10-27,1365.1,61808,1222,37
14,2025-10-28,405.77,18372,363,11
14,2025-10-29,1380.69,62514,1236,37
14,2025-10-30,1904.15,86215,1704,52
14,2025-10-31,745.34,33747,667,20
14,2025-11-01,2109.42,95509,1888,57
14,2025-11-02,217.76,9859,195,6
14,2025-11-03,316.9,14349,284,9
15,2025-10-24,7393.14,29035,1735,112
15,2025-10-25,55.36,217,13,1
15,2025-10-26,13867.77,54462,3255,210
15,2025-10-27,8955.39,35170,2102,136
15,2025-10-28,5580.84,21917,1310,85
15,2025-10-29,572.27,2247,134,9
15,2025-10-30,4072.31,15993,956,62
15,2025-10-31,232.51,913,55,4
15,2025-11-01,2162.97,8495,508,33
15,2025-11-02,4582.04,17995,1075,69
15,2025-11-03,5083.19,19963,1193,77
15,2025-11-04,7970.9,31304,1871,121
15,2025-11-05,13127.4,51555,3081,199
15,2025-11-06,8177.7,32116,1919,124
15,2025-11-07,4879.29,19162,1145,74
15,2025-11-08,2843.52,11167,667,43
15,2025-11-09,738.24,2899,173,11
15,2025-11-10,220.99,868,52,3
15,2025-11-11,2888.31,11343,678,44
15,2025-11-12,2810.89,11039,660,43
15,2025-11-13,34588.16,135836,8117,524
15,2025-11-14,5811.07,22822,1364,88
15,2025-11-15,5059.15,19869,1187,77
15,2025-11-16,7962.71,31272,1869,121
15,2025-11-17,2850.87,11196,669,43
15,2025-11-18,4269.41,16767,1002,65
15,2025-11-19,524.05,2058,123,8
15,2025-11-20,14313.64,56213,3359,217
15,2025-11-21,11021.84,43286,2587,167
15,2025-11-22,3098.18,12167,727,47
16,2026-01-12,7677.71,77432,1872,296
16,2026-01-13,1533.4,15465,374,59
16,2026-01-14,4299.73,43364,1048,166
16,2026-01-15,8594.35,86676,2096,331
16,2026-01-16,21447.55,216304,5230,827
16,2026-01-17,2555.95,25777,623,99
16,2026-01-18,1678.46,16928,409,65
16,2026-01-19,5300.61,53458,1293,204
16,2026-01-20,6553.69,66096,1598,253
16,2026-01-21,4399.55,44371,1073,170
16,2026-01-22,8443.97,85160,2059,326
16,2026-01-23,9199.45,92779,2243,355
16,2026-01-24,3452.01,34814,842,133
16,2026-01-25,10408.22,104970,2538,401
16,2026-01-26,3939.74,39733,961,152
16,2026-01-27,492.65,4969,120,19
16,2026-01-28,4801.98,48429,1171,185
16,2026-01-29,18430.84,185880,4494,711
16,2026-01-30,2276.17,22956,555,88
16,2026-01-31,6730.5,67879,1641,260
16,2026-02-01,10539.8,106297,2570,407
16,2026-02-02,5990.44,60415,1461,231
16,2026-02-03,9853.91,99379,2403,380
16,2026-02-04,2746.51,27699,670,106
16,2026-02-05,14888.36,150153,3631,574
16,2026-02-06,4953.9,49961,1208,191
16,2026-02-07,595.3,6004,145,23
16,2026-02-08,3478.2,35079,848,134
16,2026-02-09,4690.5,47305,1144,181
16,2026-02-10,5687.8,57363,1387,219
17,2025-07-26,542.21,7785,173,26
17,2025-07-27,1866.61,26802,597,91
17,2025-07-28,2055.91,29520,657,100
17,2025-07-29,675.56,9700,216,33
17,2025-07-30,1386.84,19913,443,67
17,2025-07-31,1801.91,25873,576,88
17,2025-08-01,1129.7,16221,361,55
17,2025-08-02,7120.46,102241,2276,346
17,2025-08-03,6047.97,86842,1933,294
17,2025-08-04,400.41,5749,128,19
17,2025-08-05,998.7,14340,319,48
17,2025-08-06,493.56,7087,158,24
17,2025-08-07,2841.02,40794,908,138
17,2025-08-08,149.23,2143,48,7
17,2025-08-09,4399.07,63165,1406,214
17,2025-08-10,3849.16,55269,1230,187
17,2025-08-11,1241.11,17821,397,60
17,2025-08-12,386.74,5553,124,19
17,2025-08-13,4525.39,64979,1447,220
17,2025-08-14,418.07,6003,134,20
17,2025-08-15,3712.71,53310,1187,180
17,2025-08-16,760.93,10926,243,37
17,2025-08-17,4403.79,63233,1408,214
17,2025-08-18,5045.67,72450,1613,245
17,2025-08-19,307.37,4413,98,15
17,2025-08-20,1074.96,15435,344,52
17,2025-08-21,2292.55,32918,733,111
17,2025-08-22,2608.65,37457,834,127
17,2025-08-23,6276.03,90116,2006,305
17,2025-08-24,6454.51,92679,2063,313
18,2025-08-23,263.43,22115,911,107
18,2025-08-24,1688.0,141706,5840,686
18,2025-08-25,2115.42,177587,7318,860
18,2025-08-26,254.11,21333,879,103
18,2025-08-27,761.08,63892,2633,309
18,2025-08-28,383.19,32169,1326,156
18,2025-08-29,1346.89,113070,4660,547
18,2025-08-30,750.19,62977,2595,305
18,2025-08-31,97.96,8224,339,40
18,2025-09-01,1742.6,146289,6029,708
18,2025-09-02,1569.1,131724,5428,638
18,2025-09-03,3523.84,295823,12191,1432
18,2025-09-04,1415.77,118853,4898,575
18,2025-09-05,1989.48,167015,6883,808
18,2025-09-06,928.66,77960,3213,377
18,2025-09-07,38.85,3262,134,16
18,2025-09-08,525.28,44097,1817,213
18,2025-09-09,300.33,25212,1039,122
18,2025-09-10,1693.57,142173,5859,688
18,2025-09-11,592.73,49759,2051,241
18,2025-09-12,1393.56,116988,4821,566
18,2025-09-13,486.91,40876,1684,198
18,2025-09-14,474.37,39823,1641,193
18,2025-09-15,1111.22,93286,3844,452
18,2025-09-16,685.94,57584,2373,279
18,2025-09-17,317.61,26663,1099,129
18,2025-09-18,851.43,71477,2946,346
18,2025-09-19,845.62,70989,2925,344
18,2025-09-20,57.69,4843,200,23
18,2025-09-21,432.73,36328,1497,176
19,2026-05-05,3794.79,34377,1254,93
19,2026-05-06,5278.12,47815,1744,130
19,2026-05-07,5142.65,46588,1699,127
19,2026-05-08,6876.18,62292,2272,169
19,2026-05-09,22187.03,200994,7330,546
19,2026-05-10,41013.45,371545,13550,1010
19,2026-05-11,3679.6,33334,1216,91
19,2026-05-12,2793.77,25309,923,69
19,2026-05-13,6819.13,61775,2253,168
19,2026-05-14,8179.52,74099,2702,201
19,2026-05-15,3684.27,33376,1217,91
19,2026-05-16,377.29,3418,125,9
19,2026-05-17,10128.48,91755,3346,249
19,2026-05-18,18059.84,163606,5967,445
19,2026-05-19,1677.2,15194,554,41
19,2026-05-20,4681.19,42407,1547,115
19,2026-05-21,416.84,3776,138,10
19,2026-05-22,8926.96,80870,2949,220
19,2026-05-23,8205.99,74339,2711,202
19,2026-05-24,2727.68,24710,901,67
19,2026-05-25,5352.43,48488,1768,132
19,2026-05-26,10899.31,98738,3601,268
19,2026-05-27,72.68,658,24,2
19,2026-05-28,7576.64,68637,2503,187
19,2026-05-29,6789.87,61510,2243,167
19,2026-05-30,37909.46,343425,12525,933
19,2026-05-31,8381.43,75928,2769,206
19,2026-06-01,1905.71,17264,630,47
19,2026-06-02,2500.19,22649,826,62
19,2026-06-03,10385.05,94079,3431,256
20,2025-07-18,10460.81,18072,586,46
20,2025-07-19,2775.3,4795,156,12
20,2025-07-20,12897.14,22281,723,57
20,2025-07-21,6113.36,10561,343,27
20,2025-07-22,17771.29,30702,996,78
20,2025-07-23,72.18,125,4,0
20,2025-07-24,5305.12,9165,297,23
20,2025-07-25,815.06,1408,46,4
20,2025-07-26,2165.52,3741,121,10
20,2025-07-27,5669.57,9795,318,25
20,2025-07-28,2087.31,3606,117,9
20,2025-07-29,1504.07,2598,84,7
20,2025-07-30,1244.43,2150,70,5
20,2025-07-31,759.09,1311,43,3
20,2025-08-01,5238.83,9051,294,23
20,2025-08-02,2632.79,4548,148,12
20,2025-08-03,8228.74,14216,461,36
20,2025-08-04,2257.17,3899,126,10
20,2025-08-05,4376.07,7560,245,19
20,2025-08-06,4567.55,7891,256,20
20,2025-08-07,1949.15,3367,109,9
20,2025-08-08,4461.81,7708,250,20
20,2025-08-09,948.24,1638,53,4
20,2025-08-10,376.55,651,21,2
20,2025-08-11,3296.67,5695,185,15
20,2025-08-12,5431.02,9383,304,24
20,2025-08-13,4141.77,7155,232,18
20,2025-08-14,5837.53,10085,327,26
20,2025-08-15,13557.58,23422,760,60
20,2025-08-16,6277.85,10846,352,28
21,2025-05-17,1188.19,71644,3057,92
21,2025-05-18,857.86,51726,2207,67
21,2025-05-19,928.25,55971,2388,72
21,2025-05-20,316.83,19104,815,25
21,2025-05-21,87.81,5295,226,7
21,2025-05-22,895.84,54017,2305,70
21,2025-05-23,1007.35,60740,2592,78
21,2025-05-24,2796.41,168616,7195,217
21,2025-05-25,1910.07,115172,4914,148
21,2025-05-26,2405.78,145062,6190,187
21,2025-05-27,216.61,13061,557,17
21,2025-05-28,21.47,1295,55,2
21,2025-05-29,2260.73,136316,5816,175
21,2025-05-30,115.19,6946,296,9
21,2025-05-31,22.16,1336,57,2
21,2025-06-01,1369.98,82606,3525,106
21,2025-06-02,4297.4,259121,11056,333
21,2025-06-03,667.14,40227,1716,52
21,2025-06-04,1842.16,111077,4739,143
21,2025-06-05,4532.29,273284,11661,352
21,2025-06-06,156.11,9413,402,12
21,2025-06-07,583.36,35175,1501,45
21,2025-06-08,797.95,48114,2053,62
21,2025-06-09,935.14,56387,2406,73
21,2025-06-10,522.39,31499,1344,41
21,2025-06-11,38.92,2347,100,3
21,2025-06-12,2263.57,136487,5824,176
21,2025-06-13,1782.48,107478,4586,138
21,2025-06-14,1760.09,106129,4528,137
21,2025-06-15,438.65,26450,1129,34
22,2025-01-11,923.93,3631,153,11
22,2025-01-12,18576.85,72996,3079,217
22,2025-01-13,9645.72,37902,1599,113
22,2025-01-14,4188.2,16457,694,49
22,2025-01-15,566.87,2227,94,7
22,2025-01-16,6056.97,23800,1004,71
22,2025-01-17,2411.03,9474,400,28
22,2025-01-18,18095.55,71105,2999,212
22,2025-01-19,6865.24,26976,1138,80
22,2025-01-20,1863.97,7324,309,22
22,2025-01-21,10184.48,40019,1688,119
22,2025-01-22,6229.56,24479,1032,73
22,2025-01-23,945.88,3717,157,11
22,2025-01-24,26879.87,105622,4455,315
22,2025-01-25,3778.6,14848,626,44
22,2025-01-26,5998.58,23571,994,70
22,2025-01-27,3159.81,12416,524,37
22,2025-01-28,1873.27,7361,310,22
22,2025-01-29,1614.13,6343,268,19
22,2025-01-30,5523.16,21703,915,65
22,2025-01-31,3164.25,12434,524,37
22,2025-02-01,8718.93,34260,1445,102
22,2025-02-02,888.7,3492,147,10
22,2025-02-03,4938.5,19405,818,58
22,2025-02-04,3325.54,13067,551,39
22,2025-02-05,6355.26,24973,1053,74
22,2025-02-06,4168.09,16378,691,49
22,2025-02-07,660.31,2595,109,8
22,2025-02-08,1665.9,6546,276,20
22,2025-02-09,12580.87,49436,2085,147
23,2025-01-12,4783.97,49076,767,100
23,2025-01-13,8322.83,85379,1334,175
23,2025-01-14,6240.66,64019,1000,131
23,2025-01-15,1053.25,10805,169,22
23,2025-01-16,863.0,8853,138,18
23,2025-01-17,150.69,1546,24,3
23,2025-01-18,3598.51,36915,577,75
23,2025-01-19,4537.51,46548,727,95
23,2025-01-20,19789.95,203014,3172,415
23,2025-01-21,114.75,1177,18,2
23,2025-01-22,1671.88,17151,268,35
23,2025-01-23,5127.56,52601,822,108
23,2025-01-24,3898.58,39993,625,82
23,2025-01-25,6745.41,69197,1081,141
23,2025-01-26,5239.93,53753,840,110
23,2025-01-27,11018.63,113034,1766,231
23,2025-01-28,1648.26,16909,264,35
23,2025-01-29,2145.19,22006,344,45
23,2025-01-30,5770.07,59192,925,121
23,2025-01-31,7811.3,80132,1252,164
23,2025-02-01,1939.09,19892,311,41
23,2025-02-02,3226.24,33096,517,68
23,2025-02-03,5432.43,55728,871,114
23,2025-02-04,516.77,5301,83,11
23,2025-02-05,2276.48,23353,365,48
23,2025-02-06,90.1,924,14,2
23,2025-02-07,11.95,123,2,0
23,2025-02-08,1520.73,15600,244,32
23,2025-02-09,1810.2,18570,290,38
23,2025-02-10,8179.72,83911,1311,172
24,2026-01-31,75.66,3404,116,11
24,2026-02-01,350.93,15791,537,51
24,2026-02-02,920.5,41421,1408,134
24,2026-02-03,3274.31,147336,5008,476
24,2026-02-04,635.18,28582,972,92
24,2026-02-05,63.63,2863,97,9
24,2026-02-06,498.81,22445,763,73
24,2026-02-07,3011.75,135522,4606,438
24,2026-02-08,291.42,13113,446,42
24,2026-02-09,1843.48,82953,2820,268
24,2026-02-10,1023.52,46056,1565,149
24,2026-02-11,383.31,17248,586,56
24,2026-02-12,709.01,31904,1084,103
24,2026-02-13,4013.76,180610,6139,584
24,2026-02-14,1552.69,69867,2375,226
24,2026-02-15,878.58,39534,1344,128
24,2026-02-16,1725.63,77650,2639,251
24,2026-02-17,900.42,40517,1377,131
24,2026-02-18,229.85,10343,352,33
24,2026-02-19,3295.71,148300,5041,479
24,2026-02-20,1681.11,75646,2571,245
24,2026-02-21,5226.81,235195,7994,760
24,2026-02-22,361.88,16284,553,53
24,2026-02-23,3679.94,165589,5628,535
24,2026-02-24,1323.21,59541,2024,192
24,2026-02-25,46.62,2098,71,7
24,2026-02-26,1676.86,75455,2565,244
24,2026-02-27,444.92,20020,681,65
24,2026-02-28,486.48,21891,744,71
24,2026-03-01,1850.38,83263,2830,269
25,2025-04-29,15136.25,66407,3334,298
25,2025-04-30,219.66,964,48,4
25,2025-05-01,7553.54,33139,1664,149
25,2025-05-02,3365.77,14767,741,66
25,2025-05-03,6166.04,27052,1358,121
25,2025-05-04,5108.29,22411,1125,101
25,2025-05-05,15.4,68,3,0
25,2025-05-06,384.63,1687,85,8
25,2025-05-07,3568.09,15654,786,70
25,2025-05-08,39.43,173,9,1
25,2025-05-09,1354.47,5942,298,27
25,2025-05-10,1907.3,8368,420,38
25,2025-05-11,1778.48,7803,392,35
25,2025-05-12,345.78,1517,76,7
25,2025-05-13,9807.36,43028,2160,193
25,2025-05-14,6997.46,30700,1541,138
25,2025-05-15,382.27,1677,84,8
25,2025-05-16,2338.27,10259,515,46
25,2025-05-17,1794.3,7872,395,35
25,2025-05-18,179.6,788,40,4
25,2025-05-19,12753.42,55953,2809,251
25,2025-05-20,948.71,4162,209,19
25,2025-05-21,1383.13,6068,305,27
25,2025-05-22,1408.98,6182,310,28
25,2025-05-23,8345.27,36613,1838,164
25,2025-05-24,1816.78,7971,400,36
25,2025-05-25,188.4,827,42,4
25,2025-05-26,129.81,570,29,3
25,2025-05-27,1874.62,8224,413,37
25,2025-05-28,3099.65,13599,683,61
26,2026-01-17,2529.65,4256,137,5
26,2026-01-18,1322.09,2224,72,3
26,2026-01-19,5366.58,9028,291,11
26,2026-01-20,2547.07,4285,138,5
26,2026-01-21,6356.07,10693,345,13
26,2026-01-22,555.08,934,30,1
26,2026-01-23,324.85,546,18,1
26,2026-01-24,3971.02,6680,215,8
26,2026-01-25,5965.42,10035,323,12
26,2026-01-26,2153.82,3623,117,4
26,2026-01-27,530.66,893,29,1
26,2026-01-28,2538.32,4270,138,5
26,2026-01-29,8990.02,15124,487,18
26,2026-01-30,2931.89,4932,159,6
26,2026-01-31,8481.09,14268,460,17
26,2026-02-01,296.09,498,16,1
26,2026-02-02,1027.6,1729,56,2
26,2026-02-03,660.24,1111,36,1
26,2026-02-04,5053.91,8502,274,10
26,2026-02-05,1770.08,2978,96,4
26,2026-02-06,1722.51,2898,93,3
26,2026-02-07,2795.23,4702,152,6
26,2026-02-08,30.36,51,2,0
26,2026-02-09,816.68,1374,44,2
26,2026-02-10,901.08,1516,49,2
26,2026-02-11,10805.29,18177,586,22
26,2026-02-12,3518.19,5919,191,7
26,2026-02-13,3948.08,6642,214,8
26,2026-02-14,17049.37,28682,924,34
26,2026-02-15,6554.37,11026,355,13
27,2025-01-23,5649.35,34670,2249,335
27,2025-01-24,13931.0,85495,5547,827
27,2025-01-25,3540.01,21725,1409,210
27,2025-01-26,7264.69,44584,2892,431
27,2025-01-27,5603.9,34391,2231,333
27,2025-01-28,6456.28,39622,2571,383
27,2025-01-29,1562.3,9588,622,93
27,2025-01-30,13622.87,83604,5424,808
27,2025-01-31,585.27,3592,233,35
27,2025-02-01,1829.13,11225,728,109
27,2025-02-02,3459.64,21232,1377,205
27,2025-02-03,14772.95,90662,5882,877
27,2025-02-04,4432.0,27199,1765,263
27,2025-02-05,5335.22,32742,2124,317
27,2025-02-06,8308.93,50992,3308,493
27,2025-02-07,1062.68,6522,423,63
27,2025-02-08,12506.93,76755,4980,742
27,2025-02-09,12850.55,78864,5116,763
27,2025-02-10,3570.43,21912,1422,212
27,2025-02-11,770.54,4729,307,46
27,2025-02-12,7307.49,44846,2909,434
27,2025-02-13,880.08,5401,350,52
27,2025-02-14,416.46,2556,166,25
27,2025-02-15,507.65,3115,202,30
27,2025-02-16,15462.7,94895,6156,918
27,2025-02-17,804.31,4936,320,48
27,2025-02-18,2838.93,17423,1130,168
27,2025-02-19,16147.03,99095,6429,958
27,2025-02-20,568.64,3490,226,34
27,2025-02-21,8925.44,54776,3554,530
28,2026-02-14,4393.07,50130,1227,78
28,2026-02-15,4699.29,53624,1312,83
28,2026-02-16,914.41,10435,255,16
28,2026-02-17,2749.56,31376,768,49
28,2026-02-18,5262.01,60046,1470,93
28,2026-02-19,591.39,6748,165,10
28,2026-02-20,1267.11,14459,354,22
28,2026-02-21,4407.13,50290,1231,78
28,2026-02-22,5533.24,63141,1545,98
28,2026-02-23,5604.27,63951,1565,99
28,2026-02-24,7459.79,85125,2083,132
28,2026-02-25,3177.42,36258,887,56
28,2026-02-26,5478.85,62520,1530,97
28,2026-02-27,218.85,2497,61,4
28,2026-02-28,14081.45,160686,3933,249
28,2026-03-01,546.92,6241,153,10
28,2026-03-02,15683.51,178967,4380,277
28,2026-03-03,3531.25,40296,986,62
28,2026-03-04,10926.56,124685,3052,193
28,2026-03-05,487.19,5559,136,9
28,2026-03-06,4985.8,56894,1392,88
28,2026-03-07,3866.13,44117,1080,68
28,2026-03-08,3343.58,38154,934,59
28,2026-03-09,7006.54,79953,1957,124
28,2026-03-10,1581.54,18047,442,28
28,2026-03-11,105.31,1202,29,2
28,2026-03-12,295.5,3372,83,5
28,2026-03-13,7779.87,88777,2173,137
28,2026-03-14,6117.6,69809,1709,108
28,2026-03-15,838.23,9565,234,15
29,2025-07-29,4798.77,146988,5631,432
29,2025-07-30,434.16,13298,509,39
29,2025-07-31,4555.59,139539,5345,410
29,2025-08-01,1825.27,55909,2142,164
29,2025-08-02,1023.72,31357,1201,92
29,2025-08-03,324.6,9943,381,29
29,2025-08-04,2959.73,90658,3473,266
29,2025-08-05,1195.97,36633,1403,108
29,2025-08-06,558.43,17105,655,50
29,2025-08-07,899.72,27559,1056,81
29,2025-08-08,2182.0,66835,2560,196
29,2025-08-09,2810.66,86092,3298,253
29,2025-08-10,127.16,3895,149,11
29,2025-08-11,892.99,27353,1048,80
29,2025-08-12,2243.21,68710,2632,202
29,2025-08-13,1844.69,56503,2164,166
29,2025-08-14,1492.69,45721,1751,134
29,2025-08-15,769.93,23583,903,69
29,2025-08-16,2061.4,63142,2419,185
29,2025-08-17,660.11,20219,775,59
29,2025-08-18,1139.41,34901,1337,103
29,2025-08-19,3456.41,105871,4056,311
29,2025-08-20,32.31,990,38,3
29,2025-08-21,2956.08,90546,3469,266
29,2025-08-22,1297.26,39736,1522,117
29,2025-08-23,1139.58,34906,1337,103
29,2025-08-24,1391.53,42623,1633,125
29,2025-08-25,78.88,2416,93,7
29,2025-08-26,2947.28,90276,3458,265
29,2025-08-27,1858.29,56920,2180,167
30,2026-02-25,5902.77,71227,3399,237
30,2026-02-26,12669.35,152877,7295,508
30,2026-02-27,18919.46,228295,10894,759
30,2026-02-28,4867.92,58740,2803,195
30,2026-03-01,8627.8,104109,4968,346
30,2026-03-02,12352.2,149050,7112,495
30,2026-03-03,6115.21,73790,3521,245
30,2026-03-04,211.1,2547,122,8
30,2026-03-05,3114.94,37587,1794,125
30,2026-03-06,23666.4,285575,13627,949
30,2026-03-07,2942.93,35511,1695,118
30,2026-03-08,4215.96,50873,2428,169
30,2026-03-09,2991.53,36098,1723,120
30,2026-03-10,8081.2,97513,4653,324
30,2026-03-11,1010.75,12196,582,41
30,2026-03-12,5232.15,63135,3013,210
30,2026-03-13,5147.49,62113,2964,206
30,2026-03-14,659.34,7956,380,26
30,2026-03-15,9006.6,108680,5186,361
30,2026-03-16,8611.68,103914,4959,345
30,2026-03-17,8646.76,104338,4979,347
30,2026-03-18,4634.03,55917,2668,186
30,2026-03-19,4454.44,53750,2565,179
30,2026-03-20,6590.5,79525,3795,264
30,2026-03-21,1762.26,21265,1015,71
30,2026-03-22,324.4,3914,187,13
30,2026-03-23,1063.61,12834,612,43
30,2026-03-24,1127.04,13600,649,45
30,2026-03-25,17210.71,207676,9910,690
30,2026-03-26,7733.39,93316,4453,310
31,2026-03-04,5471.56,18252,749,52
31,2026-03-05,21431.88,71493,2934,203
31,2026-03-06,4489.51,14976,615,43
31,2026-03-07,10306.38,34380,1411,98
31,2026-03-08,315.24,1052,43,3
31,2026-03-09,6750.12,22517,924,64
31,2026-03-10,3121.84,10414,427,30
31,2026-03-11,5046.73,16835,691,48
31,2026-03-12,8967.17,29913,1228,85
31,2026-03-13,1546.82,5160,212,15
31,2026-03-14,10874.74,36276,1489,103
31,2026-03-15,1987.72,6631,272,19
31,2026-03-16,7188.32,23979,984,68
31,2026-03-17,11644.03,38842,1594,111
31,2026-03-18,1877.88,6264,257,18
31,2026-03-19,10407.69,34718,1425,99
31,2026-03-20,1850.72,6174,253,18
31,2026-03-21,8635.68,28807,1182,82
31,2026-03-22,197.8,660,27,2
31,2026-03-23,21713.41,72432,2972,206
31,2026-03-24,11909.43,39728,1630,113
31,2026-03-25,7653.22,25530,1048,73
31,2026-03-26,5353.54,17858,733,51
31,2026-03-27,6694.63,22332,916,64
31,2026-03-28,2496.08,8326,342,24
31,2026-03-29,1198.98,4000,164,11
31,2026-03-30,25381.29,84668,3474,241
31,2026-03-31,10136.52,33814,1388,96
31,2026-04-01,2022.76,6748,277,19
31,2026-04-02,7392.08,24659,1012,70
32,2025-10-21,8165.97,91903,1293,137
32,2025-10-22,2490.14,28025,394,42
32,2025-10-23,933.5,10506,148,16
32,2025-10-24,2985.07,33595,473,50
32,2025-10-25,198.45,2233,31,3
32,2025-10-26,13250.57,149128,2098,222
32,2025-10-27,10035.83,112948,1589,168
32,2025-10-28,8531.89,96022,1351,143
32,2025-10-29,16823.37,189338,2664,282
32,2025-10-30,1285.55,14468,204,22
32,2025-10-31,1832.62,20625,290,31
32,2025-11-01,12491.69,140587,1978,209
32,2025-11-02,1176.01,13235,186,20
32,2025-11-03,1539.01,17321,244,26
32,2025-11-04,1858.23,20913,294,31
32,2025-11-05,11377.77,128051,1802,191
32,2025-11-06,3096.13,34845,490,52
32,2025-11-07,229.25,2580,36,4
32,2025-11-08,8397.01,94504,1330,141
32,2025-11-09,6100.78,68661,966,102
32,2025-11-10,4671.98,52580,740,78
32,2025-11-11,15328.22,172511,2427,257
32,2025-11-12,90.71,1021,14,2
32,2025-11-13,1015.31,11427,161,17
32,2025-11-14,12528.68,141003,1984,210
32,2025-11-15,8757.44,98560,1387,147
32,2025-11-16,1946.24,21904,308,33
32,2025-11-17,2140.1,24086,339,36
32,2025-11-18,128.05,1441,20,2
32,2025-11-19,2639.27,29704,418,44
33,2026-05-18,1190.29,18898,741,81
33,2026-05-19,1574.04,24991,980,107
33,2026-05-20,972.88,15446,606,66
33,2026-05-21,2787.49,44256,1736,190
33,2026-05-22,2207.46,35047,1375,151
33,2026-05-23,93.36,1482,58,6
33,2026-05-24,1532.68,24334,954,105
33,2026-05-25,1268.14,20134,790,87
33,2026-05-26,1176.84,18684,733,80
33,2026-05-27,1085.22,17230,676,74
33,2026-05-28,338.4,5373,211,23
33,2026-05-29,2621.75,41625,1633,179
33,2026-05-30,2061.7,32733,1284,141
33,2026-05-31,167.7,2663,104,11
33,2026-06-01,597.24,9482,372,41
33,2026-06-02,1663.42,26410,1036,114
33,2026-06-03,1386.63,22015,864,95
33,2026-06-04,183.53,2914,114,13
33,2026-06-05,150.16,2384,94,10
33,2026-06-06,738.29,11722,460,50
33,2026-06-07,1348.76,21414,840,92
33,2026-06-08,201.24,3195,125,14
33,2026-06-09,918.8,14588,572,63
33,2026-06-10,110.54,1755,69,8
33,2026-06-11,757.36,12024,472,52
33,2026-06-12,2474.58,39288,1541,169
33,2026-06-13,1500.23,23819,934,102
33,2026-06-14,551.7,8759,344,38
33,2026-06-15,3318.2,52682,2066,226
33,2026-06-16,2759.59,43813,1718,188
34,2026-05-03,583.37,14401,910,96
34,2026-05-04,3512.35,86706,5482,580
34,2026-05-05,297.11,7335,464,49
34,2026-05-06,103.05,2544,161,17
34,2026-05-07,1574.5,38868,2457,260
34,2026-05-08,2554.4,63058,3987,422
34,2026-05-09,1211.86,29916,1891,200
34,2026-05-10,497.34,12278,776,82
34,2026-05-11,30.18,745,47,5
34,2026-05-12,1607.98,39695,2510,266
34,2026-05-13,911.58,22503,1423,151
34,2026-05-14,1816.3,44837,2835,300
34,2026-05-15,254.3,6278,397,42
34,2026-05-16,414.62,10235,647,68
34,2026-05-17,147.95,3652,231,24
34,2026-05-18,8236.47,203326,12854,1360
34,2026-05-19,7372.96,182010,11507,1217
34,2026-05-20,1310.31,32346,2045,216
34,2026-05-21,767.77,18953,1198,127
34,2026-05-22,2539.99,62703,3964,419
34,2026-05-23,584.31,14424,912,96
34,2026-05-24,4136.14,102105,6455,683
34,2026-05-25,1099.09,27132,1715,181
34,2026-05-26,1813.67,44772,2831,299
34,2026-05-27,440.56,10876,688,73
34,2026-05-28,327.19,8077,511,54
34,2026-05-29,4243.2,104748,6622,701
34,2026-05-30,33.65,831,53,6
34,2026-05-31,221.94,5479,346,37
34,2026-06-01,258.8,6389,404,43
35,2025-12-27,6443.98,31685,1063,36
35,2025-12-28,1273.76,6263,210,7
35,2025-12-29,10128.7,49802,1671,57
35,2025-12-30,6904.57,33949,1139,39
35,2025-12-31,16499.88,81129,2722,93
35,2026-01-01,1987.97,9775,328,11
35,2026-01-02,292.68,1439,48,2
35,2026-01-03,13236.74,65084,2184,75
35,2026-01-04,1053.7,5181,174,6
35,2026-01-05,3717.86,18281,613,21
35,2026-01-06,4372.56,21500,721,25
35,2026-01-07,27028.91,132900,4459,153
35,2026-01-08,18211.43,89545,3004,103
35,2026-01-09,13369.7,65738,2206,76
35,2026-01-10,17270.95,84920,2849,98
35,2026-01-11,12663.01,62263,2089,72
35,2026-01-12,1293.33,6359,213,7
35,2026-01-13,4309.07,21188,711,24
35,2026-01-14,26781.06,131681,4418,151
35,2026-01-15,25390.02,124842,4189,143
35,2026-01-16,1244.84,6121,205,7
35,2026-01-17,528.38,2598,87,3
35,2026-01-18,6070.49,29848,1001,34
35,2026-01-19,1524.09,7494,251,9
35,2026-01-20,32986.54,162193,5442,186
35,2026-01-21,10767.79,52945,1776,61
35,2026-01-22,11722.13,57637,1934,66
35,2026-01-23,1014.1,4986,167,6
35,2026-01-24,914.48,4496,151,5
35,2026-01-25,5498.15,27034,907,31
36,2025-09-11,3934.56,62457,1134,177
36,2025-09-12,1512.55,24010,436,68
36,2025-09-13,188.26,2988,54,8
36,2025-09-14,260.35,4133,75,12
36,2025-09-15,644.88,10237,186,29
36,2025-09-16,2800.55,44456,807,126
36,2025-09-17,5661.8,89876,1632,254
36,2025-09-18,1543.81,24506,445,69
36,2025-09-19,1673.69,26568,482,75
36,2025-09-20,753.53,11962,217,34
36,2025-09-21,1021.41,16214,294,46
36,2025-09-22,612.06,9716,176,27
36,2025-09-23,6658.85,105703,1919,299
36,2025-09-24,187.97,2984,54,8
36,2025-09-25,513.84,8157,148,23
36,2025-09-26,3696.94,58685,1066,166
36,2025-09-27,371.74,5901,107,17
36,2025-09-28,1192.64,18932,344,54
36,2025-09-29,961.5,15263,277,43
36,2025-09-30,7516.64,119319,2166,338
36,2025-10-01,345.64,5487,100,16
36,2025-10-02,1858.28,29498,536,83
36,2025-10-03,2285.68,36283,659,103
36,2025-10-04,1707.19,27100,492,77
36,2025-10-05,14342.36,227671,4134,644
36,2025-10-06,1716.05,27241,495,77
36,2025-10-07,1825.62,28980,526,82
36,2025-10-08,1188.54,18867,343,53
36,2025-10-09,1913.0,30367,551,86
36,2025-10-10,4132.38,65598,1191,186
37,2026-04-22,6166.97,32762,430,52
37,2026-04-23,179.62,954,13,2
37,2026-04-24,2811.22,14935,196,24
37,2026-04-25,788.27,4188,55,7
37,2026-04-26,12342.4,65570,861,104
37,2026-04-27,223.21,1186,16,2
37,2026-04-28,1666.02,8851,116,14
37,2026-04-29,3154.44,16758,220,27
37,2026-04-30,1541.89,8191,108,13
37,2026-05-01,2296.98,12203,160,19
37,2026-05-02,5740.34,30496,400,49
37,2026-05-03,4263.65,22651,297,36
37,2026-05-04,1629.77,8658,114,14
37,2026-05-05,4319.8,22949,301,37
37,2026-05-06,16248.78,86323,1133,138
37,2026-05-07,2109.62,11208,147,18
37,2026-05-08,1020.59,5422,71,9
37,2026-05-09,4345.12,23084,303,37
37,2026-05-10,3570.11,18966,249,30
37,2026-05-11,2195.0,11661,153,19
37,2026-05-12,1593.36,8465,111,13
37,2026-05-13,471.51,2505,33,4
37,2026-05-14,1880.66,9991,131,16
37,2026-05-15,2960.1,15726,206,25
37,2026-05-16,706.45,3753,49,6
37,2026-05-17,5408.87,28735,377,46
37,2026-05-18,1975.22,10493,138,17
37,2026-05-19,2032.61,10798,142,17
37,2026-05-20,1517.58,8062,106,13
37,2026-05-21,10938.32,58111,763,93
38,2026-05-15,22844.54,64238,2174,313
38,2026-05-16,9019.12,25361,858,124
38,2026-05-17,3082.77,8669,293,42
38,2026-05-18,457.97,1288,44,6
38,2026-05-19,666.23,1873,63,9
38,2026-05-20,4301.49,12096,409,59
38,2026-05-21,6801.17,19125,647,93
38,2026-05-22,11044.72,31057,1051,152
38,2026-05-23,7368.58,20720,701,101
38,2026-05-24,2898.26,8150,276,40
38,2026-05-25,343.12,965,33,5
38,2026-05-26,5514.22,15506,525,76
38,2026-05-27,3341.56,9396,318,46
38,2026-05-28,949.83,2671,90,13
38,2026-05-29,2081.01,5852,198,29
38,2026-05-30,21645.21,60866,2060,297
38,2026-05-31,8619.78,24239,820,118
38,2026-06-01,5426.26,15258,516,74
38,2026-06-02,7639.84,21483,727,105
38,2026-06-03,14934.68,41996,1422,205
38,2026-06-04,3206.59,9017,305,44
38,2026-06-05,4627.42,13012,440,63
38,2026-06-06,8080.12,22721,769,111
38,2026-06-07,37776.7,106227,3596,518
38,2026-06-08,2196.16,6176,209,30
38,2026-06-09,614.86,1729,59,8
38,2026-06-10,10193.75,28664,970,140
38,2026-06-11,300.1,844,29,4
38,2026-06-12,3593.05,10104,342,49
38,2026-06-13,2934.71,8252,279,40
39,2025-07-30,1505.1,13731,300,14
39,2025-07-31,7501.24,68434,1493,70
39,2025-08-01,5596.4,51056,1114,52
39,2025-08-02,7516.68,68575,1496,70
39,2025-08-03,8387.85,76522,1670,78
39,2025-08-04,19983.17,182306,3978,185
39,2025-08-05,15576.4,142103,3101,144
39,2025-08-06,2818.02,25709,561,26
39,2025-08-07,5562.22,50744,1107,52
39,2025-08-08,3067.31,27983,611,28
39,2025-08-09,23744.08,216617,4727,220
39,2025-08-10,7485.56,68291,1490,69
39,2025-08-11,3979.36,36304,792,37
39,2025-08-12,5480.66,50000,1091,51
39,2025-08-13,1597.99,14578,318,15
39,2025-08-14,1352.62,12340,269,13
39,2025-08-15,16202.72,147817,3225,150
39,2025-08-16,22703.15,207121,4520,210
39,2025-08-17,76.3,696,15,1
39,2025-08-18,3385.87,30889,674,31
39,2025-08-19,27066.51,246928,5388,251
39,2025-08-20,7011.82,63969,1396,65
39,2025-08-21,16145.03,147291,3214,150
39,2025-08-22,1411.54,12877,281,13
39,2025-08-23,7846.16,71580,1562,73
39,2025-08-24,5414.1,49393,1078,50
39,2025-08-25,2891.06,26375,576,27
39,2025-08-26,2910.68,26554,579,27
39,2025-08-27,2794.41,25493,556,26
39,2025-08-28,4699.99,42878,936,44
40,2025-06-17,10796.65,93559,5262,794
40,2025-06-18,7013.1,60772,3418,515
40,2025-06-19,24553.76,212772,11966,1805
40,2025-06-20,2086.4,18080,1017,153
40,2025-06-21,9459.98,81976,4610,695
40,2025-06-22,12133.98,105148,5913,892
40,2025-06-23,8569.56,74260,4176,630
40,2025-06-24,12519.18,108485,6101,920
40,2025-06-25,12993.36,112595,6332,955
40,2025-06-26,8192.52,70993,3993,602
40,2025-06-27,8249.97,71490,4021,606
40,2025-06-28,8719.35,75558,4249,641
40,2025-06-29,2502.35,21684,1219,184
40,2025-06-30,6450.62,55898,3144,474
40,2025-07-01,706.17,6119,344,52
40,2025-07-02,8036.33,69639,3916,591
40,2025-07-03,19617.01,169992,9560,1442
40,2025-07-04,2419.07,20963,1179,178
40,2025-07-05,15526.02,134541,7566,1141
40,2025-07-06,16645.21,144240,8112,1223
40,2025-07-07,6360.93,55121,3100,468
40,2025-07-08,1515.39,13132,739,111
40,2025-07-09,8158.24,70696,3976,600
40,2025-07-10,6428.76,55709,3133,473
40,2025-07-11,8347.7,72337,4068,614
40,2025-07-12,7592.41,65792,3700,558
40,2025-07-13,17407.44,150845,8483,1280
40,2025-07-14,7891.14,68381,3846,580
40,2025-07-15,5624.87,48743,2741,413
40,2025-07-16,8567.83,74245,4175,630
41,2025-06-05,1574.04,3909,244,30
41,2025-06-06,2336.87,5803,363,44
41,2025-06-07,1318.79,3275,205,25
41,2025-06-08,17600.49,43710,2730,334
41,2025-06-09,263.48,654,41,5
41,2025-06-10,275.19,683,43,5
41,2025-06-11,397.38,987,62,8
41,2025-06-12,1880.51,4670,292,36
41,2025-06-13,2390.77,5937,371,45
41,2025-06-14,8654.46,21493,1343,164
41,2025-06-15,11703.94,29066,1816,222
41,2025-06-16,455.35,1131,71,9
41,2025-06-17,4191.12,10408,650,80
41,2025-06-18,10545.29,26189,1636,200
41,2025-06-19,76.77,191,12,1
41,2025-06-20,4701.58,11676,729,89
41,2025-06-21,9668.26,24011,1500,184
41,2025-06-22,3721.07,9241,577,71
41,2025-06-23,642.2,1595,100,12
41,2025-06-24,1069.1,2655,166,20
41,2025-06-25,9660.31,23991,1499,183
41,2025-06-26,2193.12,5446,340,42
41,2025-06-27,511.05,1269,79,10
41,2025-06-28,549.39,1364,85,10
41,2025-06-29,2574.42,6393,399,49
41,2025-06-30,483.93,1202,75,9
41,2025-07-01,2214.29,5499,344,42
41,2025-07-02,2029.27,5040,315,39
41,2025-07-03,14584.04,36219,2263,277
41,2025-07-04,12385.56,30759,1921,235
42,2026-04-27,7846.07,18345,1135,105
42,2026-04-28,14971.04,35004,2165,200
42,2026-04-29,1589.62,3717,230,21
42,2026-04-30,20473.05,47868,2960,274
42,2026-05-01,6318.15,14772,914,85
42,2026-05-02,4969.02,11618,719,67
42,2026-05-03,24065.87,56268,3480,322
42,2026-05-04,6513.06,15228,942,87
42,2026-05-05,12510.45,29250,1809,168
42,2026-05-06,10867.15,25408,1571,146
42,2026-05-07,15626.94,36537,2260,209
42,2026-05-08,20136.88,47082,2912,270
42,2026-05-09,1827.12,4272,264,24
42,2026-05-10,1319.33,3085,191,18
42,2026-05-11,37974.63,88788,5491,508
42,2026-05-12,2245.03,5249,325,30
42,2026-05-13,9685.65,22646,1401,130
42,2026-05-14,9433.04,22055,1364,126
42,2026-05-15,10520.94,24599,1521,141
42,2026-05-16,5001.28,11693,723,67
42,2026-05-17,8121.96,18990,1174,109
42,2026-05-18,1616.41,3779,234,22
42,2026-05-19,5379.99,12579,778,72
42,2026-05-20,4813.83,11255,696,64
42,2026-05-21,1677.69,3923,243,22
42,2026-05-22,10510.17,24574,1520,141
42,2026-05-23,16362.23,38256,2366,219
42,2026-05-24,14530.55,33974,2101,195
42,2026-05-25,844.46,1974,122,11
42,2026-05-26,10090.13,23592,1459,135
43,2025-03-21,954.51,48035,1530,43
43,2025-03-22,275.39,13859,441,12
43,2025-03-23,1450.69,73005,2325,65
43,2025-03-24,1508.01,75890,2417,68
43,2025-03-25,872.26,43896,1398,39
43,2025-03-26,1252.35,63024,2007,56
43,2025-03-27,582.73,29325,934,26
43,2025-03-28,549.03,27630,880,25
43,2025-03-29,1761.1,88626,2823,79
43,2025-03-30,1431.36,72032,2294,64
43,2025-03-31,305.8,15389,490,14
43,2025-04-01,1190.35,59904,1908,54
43,2025-04-02,459.51,23125,737,21
43,2025-04-03,123.91,6236,199,6
43,2025-04-04,1692.91,85195,2713,76
43,2025-04-05,1987.09,99999,3185,90
43,2025-04-06,654.77,32951,1049,30
43,2025-04-07,2283.88,114935,3661,103
43,2025-04-08,5248.72,264139,8413,237
43,2025-04-09,1037.28,52200,1663,47
43,2025-04-10,3095.78,155793,4962,139
43,2025-04-11,3231.41,162619,5179,146
43,2025-04-12,644.21,32420,1033,29
43,2025-04-13,2591.69,130425,4154,117
43,2025-04-14,173.65,8739,278,8
43,2025-04-15,377.12,18978,604,17
43,2025-04-16,356.22,17927,571,16
43,2025-04-17,2499.57,125789,4006,113
43,2025-04-18,8234.23,414383,13198,371
43,2025-04-19,2263.83,113926,3629,102
44,2025-01-02,9245.4,15606,563,33
44,2025-01-03,6475.09,10929,395,23
44,2025-01-04,19121.31,32275,1165,69
44,2025-01-05,4436.47,7488,270,16
44,2025-01-06,7220.19,12187,440,26
44,2025-01-07,2876.42,4855,175,10
44,2025-01-08,451.42,762,28,2
44,2025-01-09,10461.96,17659,638,38
44,2025-01-10,13118.25,22143,799,47
44,2025-01-11,2979.59,5029,182,11
44,2025-01-12,2336.06,3943,142,8
44,2025-01-13,5649.0,9535,344,20
44,2025-01-14,7938.38,13399,484,29
44,2025-01-15,72714.17,122736,4431,262
44,2025-01-16,13545.59,22864,825,49
44,2025-01-17,8671.62,14637,528,31
44,2025-01-18,6805.16,11487,415,25
44,2025-01-19,2901.45,4897,177,10
44,2025-01-20,577.5,975,35,2
44,2025-01-21,8606.63,14527,524,31
44,2025-01-22,10332.7,17441,630,37
44,2025-01-23,2329.66,3932,142,8
44,2025-01-24,3446.45,5817,210,12
44,2025-01-25,1250.2,2110,76,5
44,2025-01-26,3282.0,5540,200,12
44,2025-01-27,5758.52,9720,351,21
44,2025-01-28,5285.81,8922,322,19
44,2025-01-29,4652.22,7853,283,17
44,2025-01-30,3997.48,6747,244,14
44,2025-01-31,4962.87,8377,302,18
45,2025-09-15,14710.99,216279,6207,858
45,2025-09-16,2003.86,29460,845,117
45,2025-09-17,1196.04,17584,505,70
45,2025-09-18,2666.36,39200,1125,156
45,2025-09-19,3581.27,52651,1511,209
45,2025-09-20,840.24,12353,355,49
45,2025-09-21,263.51,3874,111,15
45,2025-09-22,1444.69,21240,610,84
45,2025-09-23,410.3,6032,173,24
45,2025-09-24,2139.54,31455,903,125
45,2025-09-25,1611.05,23685,680,94
45,2025-09-26,4641.4,68237,1958,271
45,2025-09-27,4414.6,64903,1863,257
45,2025-09-28,3589.96,52779,1515,209
45,2025-09-29,4447.88,65392,1877,259
45,2025-09-30,6187.08,90962,2610,361
45,2025-10-01,2037.48,29955,860,119
45,2025-10-02,1430.67,21033,604,83
45,2025-10-03,202.86,2982,86,12
45,2025-10-04,729.9,10731,308,43
45,2025-10-05,535.84,7878,226,31
45,2025-10-06,1371.44,20163,579,80
45,2025-10-07,3198.46,47023,1350,187
45,2025-10-08,2076.68,30531,876,121
45,2025-10-09,675.07,9925,285,39
45,2025-10-10,10787.81,158601,4552,629
45,2025-10-11,5576.92,81991,2353,325
45,2025-10-12,8914.83,131064,3761,520
45,2025-10-13,643.97,9468,272,38
45,2025-10-14,3859.0,56734,1628,225
46,2026-05-05,924.34,2718,51,4
46,2026-05-06,11964.27,35176,663,50
46,2026-05-07,8407.98,24720,466,35
46,2026-05-08,11639.48,34221,645,49
46,2026-05-09,11418.49,33571,632,48
46,2026-05-10,2530.03,7438,140,11
46,2026-05-11,4243.83,12477,235,18
46,2026-05-12,11770.61,34607,652,50
46,2026-05-13,26040.19,76560,1442,110
46,2026-05-14,19551.56,57483,1083,82
46,2026-05-15,1114.22,3276,62,5
46,2026-05-16,5875.62,17275,325,25
46,2026-05-17,12391.91,36433,686,52
46,2026-05-18,4242.89,12474,235,18
46,2026-05-19,3467.74,10195,192,15
46,2026-05-20,10575.82,31094,586,45
46,2026-05-21,18963.06,55753,1050,80
46,2026-05-22,10284.64,30238,570,43
46,2026-05-23,463.18,1362,26,2
46,2026-05-24,12535.24,36855,694,53
46,2026-05-25,1259.06,3702,70,5
46,2026-05-26,233.07,685,13,1
46,2026-05-27,47834.84,140638,2650,202
46,2026-05-28,3756.9,11046,208,16
46,2026-05-29,3557.82,10460,197,15
46,2026-05-30,3007.03,8841,167,13
46,2026-05-31,12959.42,38102,718,55
46,2026-06-01,13427.97,39479,744,57
46,2026-06-02,6107.3,17956,338,26
46,2026-06-03,1836.93,5401,102,8
47,2025-06-18,14892.18,139175,5794,675
47,2025-06-19,2098.83,19615,817,95
47,2025-06-20,1829.54,17098,712,83
47,2025-06-21,83.72,782,33,4
47,2025-06-22,14853.6,138814,5779,674
47,2025-06-23,8466.98,79128,3294,384
47,2025-06-24,3076.4,28750,1197,140
47,2025-06-25,54246.61,506962,21104,2460
47,2025-06-26,6226.19,58187,2422,282
47,2025-06-27,5168.4,48301,2011,234
47,2025-06-28,6553.16,61243,2549,297
47,2025-06-29,1926.95,18008,750,87
47,2025-06-30,876.0,8187,341,40
47,2025-07-01,2319.76,21679,902,105
47,2025-07-02,14692.27,137307,5716,666
47,2025-07-03,3859.79,36072,1502,175
47,2025-07-04,27607.82,258009,10741,1252
47,2025-07-05,1793.67,16763,698,81
47,2025-07-06,19135.76,178833,7445,868
47,2025-07-07,13501.25,126176,5253,612
47,2025-07-08,6057.4,56609,2357,275
47,2025-07-09,6982.94,65259,2717,317
47,2025-07-10,445.86,4167,173,20
47,2025-07-11,2120.79,19820,825,96
47,2025-07-12,3008.56,28117,1170,136
47,2025-07-13,2182.33,20395,849,99
47,2025-07-14,1092.8,10213,425,50
47,2025-07-15,5913.51,55265,2301,268
47,2025-07-16,17000.46,158878,6614,771
47,2025-07-17,15361.47,143561,5976,697
48,2025-09-17,10786.67,87809,1920,237
48,2025-09-18,3485.81,28376,621,77
48,2025-09-19,3298.48,26851,587,73
48,2025-09-20,15849.44,129022,2822,349
48,2025-09-21,4700.59,38265,837,103
48,2025-09-22,4328.01,35232,770,95
48,2025-09-23,3194.96,26009,569,70
48,2025-09-24,3835.38,31222,683,84
48,2025-09-25,9055.99,73720,1612,199
48,2025-09-26,5839.47,47536,1040,129
48,2025-09-27,3644.07,29665,649,80
48,2025-09-28,12075.19,98298,2150,266
48,2025-09-29,15876.77,129245,2826,349
48,2025-09-30,16542.7,134666,2945,364
48,2025-10-01,21.82,178,4,0
48,2025-10-02,1324.6,10783,236,29
48,2025-10-03,12392.31,100880,2206,273
48,2025-10-04,8032.15,65386,1430,177
48,2025-10-05,14506.33,118089,2582,319
48,2025-10-06,1353.22,11016,241,30
48,2025-10-07,7874.73,64104,1402,173
48,2025-10-08,12422.46,101125,2211,273
48,2025-10-09,6259.6,50956,1114,138
48,2025-10-10,6653.04,54159,1184,146
48,2025-10-11,6642.32,54072,1182,146
48,2025-10-12,21483.34,174885,3825,473
48,2025-10-13,6262.39,50979,1115,138
48,2025-10-14,3106.46,25288,553,68
48,2025-10-15,7993.18,65068,1423,176
48,2025-10-16,4594.28,37400,818,101
49,2025-02-25,169.16,1714,26,3
49,2025-02-26,885.02,8970,136,18
49,2025-02-27,361.17,3661,55,7
49,2025-02-28,21587.04,218790,3314,430
49,2025-03-01,1401.7,14207,215,28
49,2025-03-02,1828.09,18528,281,36
49,2025-03-03,4627.53,46901,710,92
49,2025-03-04,3186.48,32296,489,63
49,2025-03-05,2288.64,23196,351,46
49,2025-03-06,2359.74,23917,362,47
49,2025-03-07,12746.04,129184,1957,254
49,2025-03-08,5286.38,53579,812,105
49,2025-03-09,727.51,7373,112,14
49,2025-03-10,24985.24,253232,3836,497
49,2025-03-11,3079.73,31214,473,61
49,2025-03-12,1339.04,13572,206,27
49,2025-03-13,5941.97,60223,912,118
49,2025-03-14,14494.29,146903,2225,289
49,2025-03-15,3208.42,32518,493,64
49,2025-03-16,1142.75,11582,175,23
49,2025-03-17,1986.41,20133,305,40
49,2025-03-18,16774.25,170011,2575,334
49,2025-03-19,2273.47,23042,349,45
49,2025-03-20,1524.76,15454,234,30
49,2025-03-21,8369.28,84825,1285,167
49,2025-03-22,6814.58,69067,1046,136
49,2025-03-23,1098.53,11134,169,22
49,2025-03-24,26662.44,270231,4094,531
49,2025-03-25,1761.88,17857,271,35
49,2025-03-26,10137.76,102749,1556,202
50,2026-02-27,6718.41,25530,1456,111
50,2026-02-28,10984.73,41743,2380,182
50,2026-03-01,3405.81,12942,738,57
50,2026-03-02,120.67,459,26,2
50,2026-03-03,607.17,2307,132,10
50,2026-03-04,517.78,1968,112,9
50,2026-03-05,5921.4,22502,1283,98
50,2026-03-06,117.73,447,26,2
50,2026-03-07,1817.16,6905,394,30
50,2026-03-08,4282.54,16274,928,71
50,2026-03-09,943.69,3586,204,16
50,2026-03-10,394.95,1501,86,7
50,2026-03-11,3441.69,13079,746,57
50,2026-03-12,2970.03,11286,644,49
50,2026-03-13,164.8,626,36,3
50,2026-03-14,1883.17,7156,408,31
50,2026-03-15,3475.97,13209,753,58
50,2026-03-16,2219.24,8433,481,37
50,2026-03-17,981.38,3729,213,16
50,2026-03-18,42.67,162,9,1
50,2026-03-19,1813.17,6890,393,30
50,2026-03-20,5366.22,20392,1163,89
50,2026-03-21,2438.48,9266,528,40
50,2026-03-22,1545.35,5872,335,26
50,2026-03-23,453.03,1722,98,8
50,2026-03-24,2989.31,11360,648,50
50,2026-03-25,1444.45,5489,313,24
50,2026-03-26,2826.75,10742,612,47
50,2026-03-27,2845.49,10813,617,47
50,2026-03-28,7314.51,27796,1585,121
51,2026-04-25,8519.24,29054,1578,233
51,2026-04-26,7707.9,26287,1428,211
51,2026-04-27,14740.16,50270,2731,404
51,2026-04-28,5727.04,19532,1061,157
51,2026-04-29,3364.75,11475,623,92
51,2026-04-30,1418.39,4837,263,39
51,2026-05-01,5238.48,17865,970,143
51,2026-05-02,1174.07,4004,218,32
51,2026-05-03,3846.04,13117,713,105
51,2026-05-04,5595.32,19082,1037,153
51,2026-05-05,147.51,503,27,4
51,2026-05-06,7044.94,24026,1305,193
51,2026-05-07,225.43,769,42,6
51,2026-05-08,7424.19,25320,1375,203
51,2026-05-09,793.76,2707,147,22
51,2026-05-10,1582.23,5396,293,43
51,2026-05-11,1966.83,6708,364,54
51,2026-05-12,13544.68,46193,2509,371
51,2026-05-13,352.36,1202,65,10
51,2026-05-14,1379.54,4705,256,38
51,2026-05-15,21455.11,73171,3975,587
51,2026-05-16,2403.83,8198,445,66
51,2026-05-17,1017.2,3469,188,28
51,2026-05-18,5502.12,18765,1019,151
51,2026-05-19,14065.13,47968,2606,385
51,2026-05-20,563.58,1922,104,15
51,2026-05-21,767.69,2618,142,21
51,2026-05-22,2499.44,8524,463,68
51,2026-05-23,3383.46,11539,627,93
51,2026-05-24,5888.64,20083,1091,161
52,2025-11-23,419.18,28440,1737,112
52,2025-11-24,229.92,15599,953,61
52,2025-11-25,1938.11,131495,8033,518
52,2025-11-26,1536.46,104244,6369,410
52,2025-11-27,688.9,46740,2855,184
52,2025-11-28,467.4,31712,1937,125
52,2025-11-29,318.46,21607,1320,85
52,2025-11-30,687.54,46647,2850,184
52,2025-12-01,1010.47,68557,4188,270
52,2025-12-02,164.63,11170,682,44
52,2025-12-03,123.83,8401,513,33
52,2025-12-04,403.1,27349,1671,108
52,2025-12-05,1394.17,94590,5779,372
52,2025-12-06,256.15,17379,1062,68
52,2025-12-07,1681.43,114080,6969,449
52,2025-12-08,38.24,2594,158,10
52,2025-12-09,800.06,54282,3316,214
52,2025-12-10,254.75,17284,1056,68
52,2025-12-11,1862.16,126342,7719,497
52,2025-12-12,104.64,7099,434,28
52,2025-12-13,4917.02,333605,20381,1313
52,2025-12-14,178.03,12079,738,48
52,2025-12-15,110.63,7506,459,30
52,2025-12-16,600.82,40764,2490,160
52,2025-12-17,253.6,17206,1051,68
52,2025-12-18,566.58,38441,2348,151
52,2025-12-19,490.75,33296,2034,131
52,2025-12-20,6083.99,412780,25218,1625
52,2025-12-21,678.26,46018,2811,181
52,2025-12-22,1480.74,100464,6138,396
53,2025-03-05,4817.51,15082,443,61
53,2025-03-06,15029.99,47055,1381,190
53,2025-03-07,7472.06,23393,687,95
53,2025-03-08,5020.85,15719,461,64
53,2025-03-09,879.51,2754,81,11
53,2025-03-10,502.03,1572,46,6
53,2025-03-11,9195.07,28787,845,116
53,2025-03-12,5101.85,15972,469,65
53,2025-03-13,4357.68,13643,400,55
53,2025-03-14,4144.07,12974,381,52
53,2025-03-15,2649.17,8294,243,34
53,2025-03-16,3665.82,11477,337,46
53,2025-03-17,19372.55,60650,1780,245
53,2025-03-18,8796.08,27538,808,111
53,2025-03-19,8773.39,27467,806,111
53,2025-03-20,449.21,1406,41,6
53,2025-03-21,4633.52,14506,426,59
53,2025-03-22,1295.41,4056,119,16
53,2025-03-23,6994.19,21897,643,89
53,2025-03-24,10372.87,32475,953,131
53,2025-03-25,4729.88,14808,435,60
53,2025-03-26,7308.19,22880,672,93
53,2025-03-27,10909.08,34153,1002,138
53,2025-03-28,399.77,1252,37,5
53,2025-03-29,5227.78,16367,480,66
53,2025-03-30,27501.27,86099,2527,348
53,2025-03-31,2651.69,8302,244,34
53,2025-04-01,15302.87,47909,1406,194
53,2025-04-02,11936.62,37370,1097,151
53,2025-04-03,9143.04,28624,840,116
54,2025-02-20,2404.14,53660,3120,257
54,2025-02-21,958.71,21398,1244,102
54,2025-02-22,1364.79,30462,1771,146
54,2025-02-23,689.33,15386,895,74
54,2025-02-24,60.32,1346,78,6
54,2025-02-25,1031.35,23020,1339,110
54,2025-02-26,6245.8,139405,8106,667
54,2025-02-27,36.42,813,47,4
54,2025-02-28,921.38,20565,1196,98
54,2025-03-01,2192.1,48927,2845,234
54,2025-03-02,2250.16,50223,2920,240
54,2025-03-03,1697.04,37878,2202,181
54,2025-03-04,2008.63,44832,2607,215
54,2025-03-05,782.21,17459,1015,84
54,2025-03-06,4007.31,89443,5201,428
54,2025-03-07,1912.52,42687,2482,204
54,2025-03-08,229.31,5118,298,25
54,2025-03-09,438.29,9783,569,47
54,2025-03-10,1132.17,25270,1469,121
54,2025-03-11,3309.62,73870,4295,354
54,2025-03-12,786.61,17557,1021,84
54,2025-03-13,348.53,7779,452,37
54,2025-03-14,2267.31,50606,2943,242
54,2025-03-15,3768.53,84113,4891,403
54,2025-03-16,370.63,8272,481,40
54,2025-03-17,991.88,22139,1287,106
54,2025-03-18,1133.22,25293,1471,121
54,2025-03-19,6029.12,134569,7825,644
54,2025-03-20,2307.68,51507,2995,247
54,2025-03-21,771.09,17211,1001,82
55,2026-01-16,225.15,979,32,2
55,2026-01-17,104.98,456,15,1
55,2026-01-18,4744.72,20626,683,39
55,2026-01-19,13710.68,59601,1974,112
55,2026-01-20,2578.71,11210,371,21
55,2026-01-21,6558.09,28509,944,53
55,2026-01-22,4040.94,17566,582,33
55,2026-01-23,75.33,327,11,1
55,2026-01-24,1636.67,7115,236,13
55,2026-01-25,416.6,1811,60,3
55,2026-01-26,3000.27,13042,432,24
55,2026-01-27,2529.73,10997,364,21
55,2026-01-28,2761.23,12003,398,22
55,2026-01-29,6212.31,27005,894,51
55,2026-01-30,4611.81,20048,664,38
55,2026-01-31,947.43,4119,136,8
55,2026-02-01,2123.73,9232,306,17
55,2026-02-02,1668.77,7254,240,14
55,2026-02-03,4291.06,18654,618,35
55,2026-02-04,9536.15,41454,1373,78
55,2026-02-05,4622.37,20094,665,38
55,2026-02-06,308.61,1342,44,3
55,2026-02-07,3547.92,15423,511,29
55,2026-02-08,944.21,4105,136,8
55,2026-02-09,3388.61,14731,488,28
55,2026-02-10,130.88,569,19,1
55,2026-02-11,1344.62,5845,194,11
55,2026-02-12,2852.56,12400,411,23
55,2026-02-13,1737.48,7553,250,14
55,2026-02-14,1669.09,7256,240,14
56,2025-03-08,5672.58,12943,205,15
56,2025-03-09,997.97,2277,36,3
56,2025-03-10,1121.62,2559,41,3
56,2025-03-11,2445.41,5580,88,6
56,2025-03-12,2780.07,6343,101,7
56,2025-03-13,487.98,1113,18,1
56,2025-03-14,6673.03,15226,241,17
56,2025-03-15,2364.09,5394,86,6
56,2025-03-16,719.33,1641,26,2
56,2025-03-17,2035.81,4645,74,5
56,2025-03-18,8769.37,20009,317,23
56,2025-03-19,1578.34,3601,57,4
56,2025-03-20,2000.79,4565,72,5
56,2025-03-21,4332.55,9886,157,11
56,2025-03-22,4684.39,10688,169,12
56,2025-03-23,1285.1,2932,46,3
56,2025-03-24,343.22,783,12,1
56,2025-03-25,800.41,1826,29,2
56,2025-03-26,3000.39,6846,109,8
56,2025-03-27,1315.93,3003,48,3
56,2025-03-28,2092.47,4774,76,5
56,2025-03-29,2350.05,5362,85,6
56,2025-03-30,5079.95,11591,184,13
56,2025-03-31,1107.95,2528,40,3
56,2025-04-01,138.03,315,5,0
56,2025-04-02,2574.62,5875,93,7
56,2025-04-03,9569.04,21834,346,25
56,2025-04-04,8933.51,20384,323,23
56,2025-04-05,3245.6,7406,117,8
56,2025-04-06,114.28,261,4,0
57,2025-02-05,3393.91,26282,953,127
57,2025-02-06,252.01,1951,71,9
57,2025-02-07,324.19,2510,91,12
57,2025-02-08,2748.39,21283,772,103
57,2025-02-09,32146.49,248935,9028,1200
57,2025-02-10,4149.68,32134,1165,155
57,2025-02-11,5491.34,42524,1542,205
57,2025-02-12,30828.8,238731,8658,1151
57,2025-02-13,1371.79,10623,385,51
57,2025-02-14,15782.4,122215,4432,589
57,2025-02-15,9158.11,70918,2572,342
57,2025-02-16,782.09,6056,220,29
57,2025-02-17,4132.92,32004,1161,154
57,2025-02-18,15865.63,122860,4456,592
57,2025-02-19,14273.56,110531,4008,533
57,2025-02-20,6116.92,47368,1718,228
57,2025-02-21,1546.41,11975,434,58
57,2025-02-22,5362.21,41524,1506,200
57,2025-02-23,17008.6,131711,4777,635
57,2025-02-24,11128.29,86175,3125,415
57,2025-02-25,2650.01,20521,744,99
57,2025-02-26,12721.03,98509,3572,475
57,2025-02-27,4524.5,35037,1271,169
57,2025-02-28,8881.35,68775,2494,332
57,2025-03-01,6381.88,49420,1792,238
57,2025-03-02,1279.05,9905,359,48
57,2025-03-03,9035.85,69972,2538,337
57,2025-03-04,10362.85,80248,2910,387
57,2025-03-05,1942.11,15039,545,73
57,2025-03-06,983.26,7614,276,37
58,2026-04-04,865.88,3714,154,17
58,2026-04-05,4370.36,18747,775,84
58,2026-04-06,7860.01,33716,1394,151
58,2026-04-07,4529.76,19431,803,87
58,2026-04-08,15279.97,65545,2710,293
58,2026-04-09,1111.67,4769,197,21
58,2026-04-10,3250.5,13943,577,62
58,2026-04-11,2914.33,12501,517,56
58,2026-04-12,793.06,3402,141,15
58,2026-04-13,1854.84,7957,329,36
58,2026-04-14,1166.67,5005,207,22
58,2026-04-15,12927.5,55454,2293,248
58,2026-04-16,560.85,2406,99,11
58,2026-04-17,812.09,3484,144,16
58,2026-04-18,2170.88,9312,385,42
58,2026-04-19,22.49,96,4,0
58,2026-04-20,2265.22,9717,402,43
58,2026-04-21,4116.78,17659,730,79
58,2026-04-22,3828.32,16422,679,73
58,2026-04-23,10641.56,45648,1888,204
58,2026-04-24,3569.67,15313,633,68
58,2026-04-25,10445.55,44807,1853,200
58,2026-04-26,14720.95,63147,2611,282
58,2026-04-27,2373.09,10180,421,45
58,2026-04-28,3617.15,15516,642,69
58,2026-04-29,2444.97,10488,434,47
58,2026-04-30,3690.91,15833,655,71
58,2026-05-01,1550.27,6650,275,30
58,2026-05-02,7333.42,31458,1301,140
58,2026-05-03,1092.67,4687,194,21
59,2025-09-29,2102.02,6769,236,10
59,2025-09-30,2004.36,6454,225,10
59,2025-10-01,3843.87,12377,432,19
59,2025-10-02,13335.61,42941,1499,65
59,2025-10-03,8022.13,25832,902,39
59,2025-10-04,11046.77,35571,1241,54
59,2025-10-05,9441.17,30401,1061,46
59,2025-10-06,4265.8,13736,479,21
59,2025-10-07,13399.05,43145,1506,65
59,2025-10-08,1198.73,3860,135,6
59,2025-10-09,29903.76,96291,3361,146
59,2025-10-10,1548.86,4987,174,8
59,2025-10-11,3089.21,9947,347,15
59,2025-10-12,1778.19,5726,200,9
59,2025-10-13,8084.5,26032,909,39
59,2025-10-14,2117.84,6819,238,10
59,2025-10-15,1044.52,3363,117,5
59,2025-10-16,298.17,960,34,1
59,2025-10-17,8543.19,27509,960,42
59,2025-10-18,5922.05,19069,666,29
59,2025-10-19,2616.53,8425,294,13
59,2025-10-20,5339.75,17194,600,26
59,2025-10-21,5894.16,18979,662,29
59,2025-10-22,3455.8,11128,388,17
59,2025-10-23,3551.48,11436,399,17
59,2025-10-24,2840.56,9147,319,14
59,2025-10-25,37.97,122,4,0
59,2025-10-26,9521.83,30661,1070,46
59,2025-10-27,4475.72,14412,503,22
59,2025-10-28,947.87,3052,107,5
60,2025-11-03,8783.91,238757,12804,534
60,2025-11-04,893.45,24285,1302,54
60,2025-11-05,834.6,22686,1217,51
60,2025-11-06,3894.19,105849,5676,237
60,2025-11-07,332.25,9031,484,20
60,2025-11-08,2991.03,81300,4360,182
60,2025-11-09,1542.14,41917,2248,94
60,2025-11-10,935.0,25415,1363,57
60,2025-11-11,378.93,10300,552,23
60,2025-11-12,9499.18,258199,13847,578
60,2025-11-13,223.71,6081,326,14
60,2025-11-14,2425.97,65941,3536,148
60,2025-11-15,3816.62,103740,5563,232
60,2025-11-16,5199.35,141325,7579,316
60,2025-11-17,1806.48,49102,2633,110
60,2025-11-18,3247.34,88266,4734,198
60,2025-11-19,7393.12,200954,10777,450
60,2025-11-20,85.68,2329,125,5
60,2025-11-21,1598.35,43445,2330,97
60,2025-11-22,2411.45,65546,3515,147
60,2025-11-23,3233.43,87888,4713,197
60,2025-11-24,113.04,3072,165,7
60,2025-11-25,1077.16,29279,1570,66
60,2025-11-26,1691.21,45969,2465,103
60,2025-11-27,2615.24,71085,3812,159
60,2025-11-28,1132.43,30781,1651,69
60,2025-11-29,6385.42,173563,9308,388
60,2025-11-30,174.56,4745,254,11
60,2025-12-01,1544.74,41988,2252,94
60,2025-12-02,2153.21,58527,3139,131
